Brand,Productname,Introduction,bikeimage,value
Motorcycle,微星MSI GeForce RTX 3080 10G VENTUS 3X OC PCI-E顯示卡,"微星MSI GeForce RTX 3080 10G VENTUS 3X OC PCI-E顯示卡\r\n首批完售︱敬請期待..
核心 記憶體
• boost clock   memory speed
   tbd   tbd
• 10gb gddr6x
• displayport x 3 (v1.4a)   hdmi 2.1 x 1

石墨烯背板
• 輕巧的複合石墨烯背板可增強顯示卡的支撐力，並提供被動的導熱性能。

方形導熱管
• 方形導熱管經過精密加工，可確保與gpu最大的接觸面，並讓整組散熱片進行降溫散熱。

三風扇散熱設計
• torx fan 3.0: 屢獲殊榮的 msi torx fan 3.0 扇葉設計創造高風壓，突破散熱極限。
• zero frozr: 暴風來臨前，讓風扇靜止保持安靜，直到需要啟動散熱為止。
• thermal padding: 大量的導熱墊片能將零組件上的熱能快速傳導，以獲得更好的散熱效果。

dragon center
• msi 獨家 dragon center 軟體可即時提供監控、調整並優化msi系列產品。",https://c.ecimg.tw/items/DRAD1RA900B156W/000001_1607310295.jpg,26000
Motorcycle,微星MSI GeForce RTX 3070 8G SUPRIM X PCI-E 顯示卡,"微星MSI GeForce RTX 3070 8G SUPRIM X PCI-E 顯示卡\r\n補貨中︱敬請期待..
● 8gb gddr6
● torx fan 4.0
● 方形導熱管
● 雙 bios提供效能全開的遊戲模式、低噪靜音模式

品 牌：msi
原廠型號： geforce rtx 3070 suprim x 8g",https://c.ecimg.tw/items/DRAD1RA900B154L/000002_1607309363.jpg,21000
Motorcycle,微星MSI GeForce RTX 3080 10G SUPRIM X PCI-E顯示卡,"微星MSI GeForce RTX 3080 10G SUPRIM X PCI-E顯示卡\r\n首批完售︱敬請期待..
● 10gb gddr6x
● torx fan 4.0
● 方形導熱管
● 雙 bios 提供效能全開的遊戲模式、低噪靜音模式",https://c.ecimg.tw/items/DRAD1RA900B1568/000002_1607310649.jpg,30000
Motorcycle,微星MSI GeForce RTX 3060 Ti 8G GAMING X TRIO PCI-E顯示卡,"微星MSI GeForce RTX 3060 Ti 8G GAMING X TRIO PCI-E顯示卡\r\n限量是殘酷的︱補貨中，敬請期待..
核心 記憶體
• 1830 mhz   14 gbps
• 8gb gddr6
• displayport x 3   hdmi x 1

tri frozr 2 散熱設計
• torx fan 4.0: 設計核心在於協同合作，將葉片兩兩連結，創下前所未有的氣壓聚集量。
• 方形導熱管: 方形導熱管經過精密加工，可確保與gpu最大的接觸面，並讓整組散熱片進行降溫散熱。
• 氣流控制: 氣流控制將冷風精確引導到所需的位置，以實現最大程度的散熱。

rgb mystic light
• mystic light可讓您完全控制 msi 產品，同時也可與其他rgb設備進行rgb燈效連動。

dragon center
• msi 獨家 dragon center 軟體可即時提供監控、調整並優化msi系列產品。",https://c.ecimg.tw/items/DRAD1RA900B1ITK/000002_1607674435.jpg,16000
Motorcycle,SIGMA 30mm F1.4 DC DN Contemporary(公司貨) for SONY E-MOUNT,"SIGMA 30mm F1.4 DC DN Contemporary(公司貨) for SONY E-MOUNT\r\n■a6500 a6300 a6000 a5100 a5000 nex5n nex3n a7專用鏡(不需轉接環) 
● 恆伸公司貨，三年保固 
● f1.4 大光圈標準鏡頭 
● 步進式馬達 
● e-mount 版本",https://c.ecimg.tw/items/DGBS2VA9009GDGQ/000001_1538462029.jpg,9180
Motorcycle,SIGMA 16mm F1.4 DC DN Contemporary(公司貨) for SONY E-MOUNT,"SIGMA 16mm F1.4 DC DN Contemporary(公司貨) for SONY E-MOUNT\r\n■總代理恆伸公司貨三年保固 
■大光圈人像鏡。 
■微單眼專用鏡頭，mft接環。",https://c.ecimg.tw/items/DGBS2VA9009GDDL/000002_1611542790.jpg,10700
Motorcycle,BenQ WiT ScreenBar螢幕智能掛燈,"BenQ  ScreenBar e-Reading lamp 螢幕智能掛燈 ▼護眼爆夯搶購品▼\r\n■ 環境光感應器能自動補足照度500lux 
■ 專利設計夾具一秒掛上螢幕
■ 非對稱光學設計，螢幕0反光
■ 不閃爍、無藍光危害
■ 8段ansi white色溫調整(2700k~6500k)
■ usb供電 (5v 1a)",https://c.ecimg.tw/items/DMAL6PA9008KKMI/000001_1614657778.jpg,2990
Motorcycle,Acer XV272U P,"★原價$16900↘狂降特賣→要買要快★acer Nitro XV272U P  27吋2K廣視角電競螢幕\r\n2560x1440 2k高解析
ips 178度廣視角
最高亮度：400 cd ㎡
zero frame 無邊框設計
amd freesync技術
1ms急速反應時間
144hz更新頻率
display hdr 400認證
dci-p3 95%
高色準delta e",https://c.ecimg.tw/items/DSABEE1900ANIOW/000002_1589248252.jpg,8999
Motorcycle,GOO.N 大王NHK紙尿褲-黏貼型L (68片x3包/箱),"每日強檔‧瘋殺特賣GOO.N 大王NHK紙尿褲-黏貼型L (68片x3包/箱)\r\n《瘋殺特賣★限時狂降》 
開始﹕０３／０３ (星期三) １０：００
結束﹕０３／０４ (星期四) １０：００
網路價$1399．限時價↘$１１９９
數量有限~要搶要快唷！

腰部棉柔舒適 溫柔貼合 不外露
空氣導流夾層，迅速排出濕氣
表層添加維他命ｅ，敏感肌寶寶也適用",https://c.ecimg.tw/items/DAAO0FA900AQTSJ/000002_1614735225.jpg,1199
Motorcycle,曼黛瑪璉 V極線內衣  B-E罩杯(冰河灰),"曼黛瑪璉 V極線內衣  B-E罩杯(冰河灰)\r\nr62146-bs40
【性感雅緻 無限蔓延】
輕盈睫毛蕾絲由下襬至肩把延伸設計
在魅惑帶著雅緻氛圍中，訴說妳的迷人蛻變

【低脊高脅邊 極限包覆】
高脅低脊機能版型，完整包覆脅邊腋下脂肪
讓穿著更加穩定，修飾美化身型

【穩定提托 服貼升級】
插片條與鋼圈條使用一體成型織帶
增加側推提拉，穿著服貼穩定

＊全尺碼皆有假袋＊
＊b~d附活動式襯墊＊
＊背鉤採用3排3鉤(57mm)設計＊
＊肩帶不可拆＊",https://c.ecimg.tw/items/DIDF00A9009WWRN/000002_1609740610.jpg,500
Motorcycle,PX大通 HD-416E3 四進一出 HDMI切換器,"原價$1190↘活動限時降PX大通 支援HDMI 3D 影像格式 HD-416E3 四進一出 HDMI切換器\r\n★得到美國最大電子品牌認證熱銷超過76萬台★
1. hdmi 協會atc 認證通過 2. 鍍金接頭確認訊號品質不流失
3. 流線外型設計，搭配家庭設計裝潢，穩重不失格調

▼支援hdmi 3d影像格式
▼在家庭劇院組或hdtv設備上延伸4台hdmi來源
▼支援1080p 12-bit 深色hdtv
▼支援pixel clock rate 達225mhz
▼hdcp 相容",https://c.ecimg.tw/items/DEBB55A900AFBCH/000002_1590026123.jpg,699
Motorcycle,acer XV272U V,"★原價$13990↘狂降特賣→要買要快★acer Nitro 27吋2K HDR廣視角電競螢幕(XV272U V)\r\n2560*1440 2k解析 平面 freesync 0.5ms 170hz
2560x1440 2k高解析
ips 178度廣視角
最高亮度：400 cd ㎡
zero frame 無邊框設計
amd freesync技術
0.5ms急速反應時間
170hz更新頻率
display hdr 400認證
dci-p3 95%
高色準delta e",https://c.ecimg.tw/items/DSABHX1900ASYU9/000002_1600829038.jpg,9888
Motorcycle,【思薇爾】紫戀心系列B-F罩蕾絲包覆內衣(藍霧色),"【思薇爾】紫戀心系列B-F罩蕾絲包覆內衣(藍霧色)\r\n飽和色系，襯托膚色
手捧式罩杯，拉提自然挺俏
手感蕾絲，浪漫優雅",https://c.ecimg.tw/items/DIAXQ4B900AZS2K/000001_1609899007.jpg,360
Motorcycle,[TP-Link TX401 10G PCI-E網卡] Synology DS1621xs+ NAS(6Bay/Inel/8GB),"[TP-Link TX401 10G PCI-E網卡] Synology DS1621xs+ NAS(6Bay/Inel/8GB)\r\n本商品含
 tp-link tx401 10g pci-e網卡 *1
synology ds1621xs+ nas(6bay inel 8gb)*1

★專為高速網路傳輸而設計-結合內建 10gbe 及選購的高速網路介面卡，可提供每秒超過 3 100 mb s 的循序讀取效能
★透過 ssd 快取提升效能-內建 m.2 2280 nvme ssd 插槽，可支援快取加速功能且無須占用儲存硬碟槽
★彈性地擴充容量-可視需求彈性地擴充至 16 顆硬碟 2 以增加儲存容量
★協作及生產力系列套件-建立內部部署、多位使用者協作的環境，並可縝密地進行管理
★輕鬆地保護及還原資料-透過 snapshot replication 保護重要的資料並降低復原時間目標 (recovery time objective，rto)
★充分利用本地虛擬化工具-透過虛擬化儲存工具讓 san 儲存系統的功能更加完善，並可在功能完整的 hypervisor 上運行虛擬機器
★全方位地備份企業資產-從電腦、公有雲、企業伺服器、虛擬機器備份企業資料



最新10gbase-t 技術，超強散熱設計

★pci-e 3.0 轉10g 乙太網卡
★10 gbps 網路 - 結合最新的 10gbase-t 技術
★傳輸超快速度高達 10 gbps，比一般 gigabit 網卡快 10x
★超強散熱-鰭片設計，散熱面積更大，提高穩定性
★向下相容多種資料速率(10 5 2.5 1gbps 和100mbps )
★支援qos流量管理 - 確保玩遊戲、工作使用時避免網路阻塞
★除標準擋板+額外配備短擋板，可符合較小型電腦機殼使用
★led指示燈設計
★內附1.5米 cat6a 網路線(額定速度最高10gbps)，最大化 tx401 的效能
★支援全部的系統-完整相容於 windows 10 8.1 8 7、windows servers 2019 2016 2012 r2和linux。
★作業系統更新可在tp-link.com download-center確認完整的作業系統支援列表
★三年保固，一年換新",https://c.ecimg.tw/items/DRAC3S1900B3FH8/000002_1614737453.jpg,51700
Motorcycle,【EASY SHOP】開運繆思 無鋼圈B-E罩內衣(幸運灰),"【EASY SHOP】開運繆思 無鋼圈B-E罩內衣(幸運灰)\r\n下厚上薄成型棉，杯型自然圓挺
無鋼圈設計，輕盈舒適無壓力
柄部片向上延伸，加強上提力量",https://c.ecimg.tw/items/DICZ54B900B4YOU/000002_1612409989.jpg,420
Motorcycle,SanDisk E60 1TB 行動固態硬碟,"SanDisk E60 1TB 行動固態硬碟\r\n★外接首選★ 
★usb3.1 type c + a 通用
★持續讀取速度: 550mb s 
★附sandisk secureaccess檔案加密軟體 
★防水、防塵、防震且堅固耐用，攜帶式的精巧設計 
★口袋大小、新潮時尚的尺寸樣式
★高解析度照片、影片與檔案高速儲存
★三年保固 
★展碁國際公司貨",https://c.ecimg.tw/items/DRAH5HA90090FSY/000001_1599097556.jpg,3588
Motorcycle,JLab JBuds Air 真無線藍牙耳機,"年度 CP 值最高真無線JLab JBuds Air 真無線藍牙耳機\r\n美國銷售 no.1 平價真無線耳機2019 soundguys 評鑑 cp 值冠軍2020 專家評測最佳真無線耳機藍牙 5.0 快速連線，穩定不延遲單次電力 6h，搭配充電盒 24hip55 高防水，運動流汗沒問題免 app 快速調整三種 eq 模式口袋尺寸充電盒，外出攜帶超方便按鍵可調整音量  曲目  播放  接聽充電盒內建 usb 充電線，出門免帶線雙耳立體聲通話，支援 siri  google 助理
其他顏色 ▶▶   白色 

2020 網友推薦真無線藍牙耳機千元首選經典設計最強商務音樂人推薦精品質感綠色科技",https://c.ecimg.tw/items/DYAQD0A9009PHJ3/000002_1607997696.jpg,1999
Motorcycle,AOC 27G2E,"AOC 27型 IPS電競螢幕  (27G2E)\r\n1920*1080 fhd解析 平面 adaptive-sync 1ms 144hz
adaptive-sync
ips廣視角面板
144hz更新頻率及1ms極速反應時間
hdr模式",https://c.ecimg.tw/items/DSABF51900B4GHC/000001_1612316347.jpg,4788
Motorcycle,(X570 + R9-5900X)微星 MAG X570 TOMAHAWK WIFI 主機板 + R9-5900X (無風扇),"▼送微星鍵鼠組▼(X570 + R9-5900X)微星 MAG X570 TOMAHAWK WIFI 主機板 + R9-5900X (無風扇)\r\n微星 mag x570 tomahawk wifi 主機板
◆ 支援cpu ：am4腳位 
◆ 記憶體 ：4x dimm   128gb ddr4(max) 
◆ 擴充插槽：2xpci-ex16   2xpci-e x1   6xsata
◆ 儲存插槽：4x ddr4 memory slots
◆ usb插槽 ：3x usb 3.2 gen2   4x usb 3.2 gen1   6x usb 2.0 
◆ 主板尺寸：atx 
◆ 體積(長x寬)：30.5 cm x 24.4 cm



cpu 核心數: 12
基本時脈速度: 3.7ghz
最大渦輪核心速度: 4.8gh

★此商品無附風扇",https://c.ecimg.tw/items/DSAJ9T1900B23KQ/000002_1608622150.jpg,23589
Motorcycle,中華e-moving電動機車EM100-精緻型業績推廣車[車電分離],"中華e-moving電動機車EM100精緻型[車電分離]\r\n20ah電池，容量up！
阿里山巡山用車，馬力up！
兩千公里保養齒輪油，省錢又輕鬆！
企業法人指定用車，限量售完為止！
◆設計第一
「三核心電能系統」：最高能源效率
「動力型鋰電池」：續航力超長，約30km~40km視道路狀況與乘載重量而定
「加力變頻馬達」：雙載爬坡、輕鬆省力
◆品質第一
中華汽車設計生產
租賃電池期間享電池永久保固
◆省錢第一
最佳能源效率(tes) 22.5km 元
五年輕鬆省五萬
◆純正台灣製造血統，保養方便
◆全台法人用車市佔第一，有口皆碑
◆電池為可攜式
◆因車色有限，下單後有專人致電提供車色

請注意：
*本商品為已領牌全新車，空車不含電池，電池需另外以月租$399元租賃或直購20ah鋰電池。",https://c.ecimg.tw/items/QCAA1FA900AHAJ5/000002_1607307870.jpg,36800
Motorcycle,ASUS  PA278QV,"ASUS ProArt PA278QV 27吋IPS專業螢幕\r\n◆proart™ 色彩預先校正技術 ◆國際顯色標準 calman認證
無邊框質感設計
2560*1440 ips面板
ips 178度超廣視角面板
支援mini dp hdmi dp
∆e (delta e) < 2色彩準確度
具備國際色彩標準 100% srgb 及 100% rec.709 超廣色域
asus proart™ 預先校正技術
支援9種影像預設模式
6軸色彩調整技術
具有上下傾斜、左右旋轉、樞軸轉動及高低調整功能
不閃屏和超低藍光技術 
內建喇叭(2w*2)
支援vesa壁掛",https://c.ecimg.tw/items/DSABBIA900AO49A/000002_1590391766.jpg,8988
Motorcycle,麗臺 NVIDIA Quadro RTX4000 繪圖卡,"麗臺 NVIDIA Quadro RTX4000 8GB GDDR6 PCI-E 工作站繪圖卡\r\n◆ 記憶體：8gb gddr6
◆ 記憶體頻寬：416gb s
◆ 輸出介面：3x displayport 1.4 + 1x virtuallink
◆ 原廠保固：3年",https://c.ecimg.tw/items/DRAD1QA900A52OK/000002_1562729756.jpg,34400
Motorcycle,《DHC》維他命 C(30日份/60粒),"《DHC》維他命 C(30日份/60粒)\r\n★台灣dhc直供．品質保證
維持青春美麗必備的美容維他命
每粒中含有500mg的高濃度維他命c，相當於33顆檸檬的維他命c含量",https://c.ecimg.tw/items/DDBT4HA900858C6/000002_1601882403.jpg,151
Motorcycle,AOC CQ32G2E,"★原價$10988↘狂降特賣→要買要快★AOC 32型 2K曲面電競螢幕  (CQ32G2E)\r\n2560*1440 2k解析 1500r freesync 1ms 144hz
va 178度超廣視角
1500r 曲面螢幕
支援hdmi x2 dp x1
2560 x 1440 2k解析
amd freesync
144hz快速更新頻率
1ms極速反應時間
hdr模式",https://c.ecimg.tw/items/DSABF51900B0Q99/000001_1612748271.jpg,7988
Motorcycle,ADATA威剛 XPG SX8200Pro 512G M.2 2280 PCIe SSD固態硬碟/(五年保),"ADATA威剛 XPG SX8200Pro 512G M.2 2280 PCIe SSD固態硬碟/(五年保)\r\n★高速 pcie gen3x4 傳輸介面 : 連續讀寫速度達每秒 3500 2300mb 
★最新3d tlc快閃記憶體 
★pcle gen3x4介面與最新nvme 1.3標準 
★高階ldpc除錯技術，耐用度加倍 
★slc caching技術，大幅提升運算效能  
★支援 e2e data protection 與 raid engine確保資料安全準確
★m.2主流2280規格(長度80mm)
★mtbf:200萬小時
★原廠5年保固


《開箱文》>>>點此",https://c.ecimg.tw/items/DRAH0VA9009M1IF/000002_1543477081.jpg,1888
"微星MSI GeForce RTX 3070 GAMING X TRIO PCI-E 顯示卡\r\n限量是殘酷的︱補貨中，敬請期待..
核心 記憶體
▸ tbd mhz   14 gbps
▸ 8gb gddr6
▸ displayport x 3   hdmi x 1

tri frozr 2 散熱設計
▸ torx fan 4.0: 設計核心在於協同合作，將葉片兩兩連結，創下前所未有的氣壓聚集量。
▸ 方形導熱管: 方形導熱管經過精密加工，可確保與gpu最大的接觸面，並讓整組散熱片進行降溫散熱。
▸ 氣流控制: 氣流控制將冷風精確引導到所需的位置，以實現最大程度的散熱。

rgb mystic light
▸ mystic light可讓您完全控制 msi 產品，同時也可與其他rgb設備進行rgb燈效連動。

dragon center
▸ msi 獨家 dragon center 軟體可即時提供監控、調整並優化msi系列產品。",19000,微星MSI GeForce RTX 3070 GAMING X TRIO PCI-E 顯示卡,https://c.ecimg.tw/items/DRAD1RA900AYHIT/000001_1603968565.jpg,Motorcycle
"微星MSI GeForce RTX 3060 Ti 8G VENTUS 3X OC PCI-E顯示卡\r\n限量是殘酷的︱補貨中，敬請期待..
核心 記憶體
• 1695 mhz   14 gbps
• 8gb gddr6
• displayport x 3 (v1.4a)   hdmi 2.1 x 1

三風扇散熱設計
• torx fan 3.0: 屢獲殊榮的 msi torx fan 3.0 扇葉設計創造高風壓，突破散熱極限。
• zero frozr: 暴風來臨前，讓風扇靜止保持安靜，直到需要啟動散熱為止。
• thermal padding: 大量的導熱墊片能將零組件上的熱能快速傳導，以獲得更好的散熱效果。

dragon center
• msi 獨家 dragon center 軟體可即時提供監控、調整並優化 msi 系列產品",15590,微星MSI GeForce RTX 3060 Ti 8G VENTUS 3X OC PCI-E顯示卡,https://c.ecimg.tw/items/DRADHWA900B1JDQ/000002_1607682645.jpg,Motorcycle
"★最新11代新機上市ASUS S14 S433EQ-0118E1135G7 主旋綠輕1.4kg★虛擬數字鍵盤\r\n▃▅★asus vivobook s14 s433eq。必買原因★▅▃
★最新11代新機，多彩顏色可選
★配備thunderbolt™ 4，支援超快資料傳輸、快速充電
★a c蓋兩件金屬
★配備led背光鍵盤 ips面板
★搭載虛擬數字鍵盤(numberpad)，14吋也能有數字鍵
★harman kardon 音效系統認證，提供高品質的細膩音效

lcd尺寸：14"" fhd 螢幕 四邊窄邊框設計
處理器：intel® core™ i5-1135g7 2.4 ghz 
記憶體：16gb ddr4 on board
顯卡：nvidia mx 350 2g獨顯
硬碟：512gb m.2 nvme™ pcie® 3.0 ssd
網路：wi-fi 6(gig+)(802.11ax)+bluetooth 5.0 (dual band) 2*2
重量：1.4 kg
特色：thunderbolt™ 4、含背光kb、hdmi、numpad 2.0
作業系統： 64 bits windows 10 home
-------------------------------

本商品詳細規格

凡於活動期間：2021 01 28 00:00~03 07 23:59，買 asus vivobook 系列指定筆電，官網登錄送「1 000元電子福利即享券」。數量有限  送完為止。活動相關內容請見官方活動網址。",32900,ASUS VivoBook S14 S433EQ-0118E1135G7主旋綠(i5-1135G7/16G/512G PCIE SSD/MX350-2G/Win10/FHD),https://c.ecimg.tw/items/DHAFKGA900AXSXT/000002_1603795999.jpg,Motorcycle
"最新11代新機上市★Intel® Evo™認證ASUS S14 S435EA-0049E1165G7 秘境綠輕1.3kg★虛擬數字鍵盤\r\n▃▅★asus vivobook s14 s435ea。必買原因★▅▃
★最新11代新機，通過 intel® evo™ 認證
★配備thunderbolt™ 4，支援超快資料傳輸、快速充電
★四邊窄邊設計，90%螢幕佔比
★配備背光鍵盤   支援指紋辨識
★搭載虛擬數字鍵盤(numberpad)，14吋也能有數字鍵
★輕1.3kg   薄15.9mm ; 輕薄無負擔

lcd尺寸：14"" fhd 螢幕 四邊窄邊框設計
處理器：intel® core™ i7-1165g7 processor 2.8 ghz
記憶體：16gb lpddr4x on board (max 16g)
顯卡：intel® iris xe graphics內顯
硬碟：512gb m.2 nvme™ pcie® 3.0 ssd
網路：wi-fi 6(gig+)(802.11ax)+bluetooth 5.0 (dual band) 2*2
重量：1.3 kg
特色：thunderbolt™ 4、含背光kb、hdmi、numpad 2.0
作業系統： 64 bits windows 10 home
-------------------------------

本商品詳細規格

凡於活動期間：2021 01 28 00:00~03 07 23:59，買 asus vivobook 系列指定筆電，官網登錄送「1 000元電子福利即享券」。數量有限  送完為止。活動相關內容請見官方活動網址。",36900,ASUS VivoBook S14 S435EA-0049E1165G7 秘境綠(i7-1165G7/16G/512G PCIe/Win10/FHD/14),https://c.ecimg.tw/items/DHAFLUA900B4E7L/000002_1611728717.jpg,Motorcycle
"輕薄小筆電★僅900 克ASUS E203NA-0151BN3350 灰內含Office365 個人版一年(市價2190元)\r\n網路價$7990．限時下殺↘
celeron® n3350★僅900克★內含office365 個人版↘

處理器：intel® celeron® n3350 1.1 ghz 
lcd尺寸：11.6"" (1366 x 768)
記憶體：4gb lpddr3 on board
容量：64gb emmc
無線網路：802.11ac+bluetooth 4.1 (dual band) 1*1
其他：hdmi、usb 3.1、micro sd card reader
作業系統：windows 10 home s (s模式) 



本商品詳細規格",6990,ASUS E203NA-0151BN3350 灰(Celeron N3350/4G/64GB/W10 Home S),https://c.ecimg.tw/items/DHAFCUA900AV2SH/000002_1600081818.jpg,Motorcycle
"▼輕薄西風之神▼14吋AMD薄邊框電競【ROG Zephyrus】Zephyrus G14 GA401IU-0152E4800HS 日蝕灰(有燈版)\r\n▃▅★rog zephyrus g14。強勢來襲★▅▃
★全新顯卡視覺享受 gtx1660ti獨顯6g效能
★超屌效能 搭載2020新世代 amd ryzen 7-4800hs 處理器
★超狂容量 1tb m.2 nvme™ pcie® 3.0 ssd
★全新升級 薄邊框螢幕 60hz  
★14吋qhd ips 大屏佔比
★100%srgb pd3.0充電技術
★薄邊框 輕薄美型 

處理器：amd ryzen 7-4800hs 2.9ghz
記憶體：8gb ddr4 on board + 8gb ddr4-3200 so-dimm
硬碟：1tb m.2 nvme™ pcie® 3.0 ssd
獨立顯卡：nvidia geforce gtx 1660ti 6g獨顯
螢幕：14"" qhd ips 2560x1440 薄邊框螢幕
無線網路：""intel wi-fi 6(gig+)(802.11ax)+bluetooth 5.0 (dual band) 2*2
光碟機： 無
介面：hdmi、type c 3.2
電池：76whrs  4s1p  4-cell li-ion
重量：1.6 kg
厚度：1.79cm
作業系統：windows 10 (64bit)
保固：2年全球保固 + 首年免預付完美保固



本商品詳細規格

凡於活動期間：2021 01 28 00:00~03 07 23:59，買搭載geforce rtx3060 2060 gtx16系列指定顯示卡電競筆電，官網登錄送「1 000元電子福利即享券」+「rog cetra core 入耳式耳機 + rog x c.a.chou聯名滑鼠墊」(總價值$4 599)。數量有限  送完為止。活動相關內容請見官方活動網址。",43900,ASUS ROG Zephyrus G14 GA401IU-0152E4800HS 日蝕灰(AMD R7-4800HS/16G/GTX1660Ti-6G/1T PCIe/W10/QHD),https://c.ecimg.tw/items/DHAS4NA900ASA9N/000002_1596609201.jpg,Motorcycle
"登記送200超商電子券🥇加碼送P幣回饋>SONY WF-1000XM3 黑色 真無線 藍牙降噪耳機\r\n送p幣活動說明 
付款方式：任一付款方式並全額支付。
(各商品可用方式以結帳頁標示為主，若以pchome儲值 禮券搭配其他付款方式，不符贈點資格)

🥰 登記送好禮：統一超商$200元虛擬商品卡
需填寫完整訂購資料，將以手機簡訊方式發送，請詳閱商品下方說明。🥰
■台灣sony公司貨、12+12個月保固(官網登入)
■附三倍舒適耳塞(s、m、l)、混合矽膠耳塞(s、m、l)
■全新藍牙5.0版本，降低延遲、強化連線品質
■qn1e高傳真降噪晶片，整合高音質處理與降噪
■支援dsee hx高傳真數位音質還原技術
■24小時整日音樂，本體6h+充電盒18h=24h(使用降噪)
■快充10分鐘  即有90分鐘電力
■觸控操作，快速注意模式，可調式聲音控制
■人體工學三點穩定結構，高阻力橡膠表面
■下載app客製個人化智慧聆聽體驗

《銀色~在這裡》",5990,SONY WF-1000XM3 黑色 真無線 藍牙降噪耳機,https://c.ecimg.tw/items/DYAQF4A900A4ACI/000002_1613976133.jpg,Motorcycle
"▼輕薄西風之神▼14吋AMD薄邊框電競【ROG Zephyrus】Zephyrus GA401IV-0152E4900HS 日蝕灰(有燈版)\r\n▃▅★rog zephyrus g14。強勢來襲★▅▃
★全新顯卡視覺享受 rtx2060獨顯6g效能
★超屌效能 搭載2020新世代 amd ryzen 9-4900hs 處理器
★超狂容量 1tb m.2 nvme™ pcie® 3.0 ssd
★全新升級 薄邊框螢幕   
★14吋qhd ips 大屏佔比
★100%srgb pd3.0充電技術
★薄邊框 輕薄美型 

處理器：amd ryzen 9-4900hs 3.0ghz
記憶體：8gb ddr4 on board + 8gb ddr4-3200 so-dimm(共16g)
硬碟：1tb m.2 nvme™ pcie® 3.0 ssd
獨立顯卡：nvidia geforce rtx 2060 6g獨顯
螢幕：14"" qhd ips 2560x1440 薄邊框螢幕
無線網路：intel wi-fi 6(gig+)(802.11ax)+bluetooth 5.0 (dual band) 2*2
光碟機： 無
介面：hdmi、type c 3.2
電池：76whrs  4s1p  4-cell li-ion
重量：1.7 kg
厚度：1.79cm
作業系統：windows 10 (64bit)
保固：2年全球保固 + 首年免預付完美保固



本商品詳細規格

凡於活動期間：2021 01 28 00:00~03 07 23:59，買搭載geforce rtx3060 2060 gtx16系列指定顯示卡電競筆電，官網登錄送「1 000元電子福利即享券」+「rog cetra core 入耳式耳機 + rog x c.a.chou聯名滑鼠墊」(總價值$4 599)。數量有限  送完為止。活動相關內容請見官方活動網址。",49900,ASUS ROG Zephyrus G14 GA401IV-0152E4900HS 日蝕灰(AMD R9-4900HS/16G/RTX2060-6G/1T PCIe/W10/QHD),https://c.ecimg.tw/items/DHAS4NA900AWIQL/000002_1601434537.jpg,Motorcycle
"▼輕薄西風之神▼14吋AMD薄邊框電競【ROG Zephyrus】Zephyrus G14 GA401II-0081E4800HS 灰(無燈版)\r\n▃▅★rog zephyrus g14。強勢來襲★▅▃
★全新顯卡視覺享受 gtx1650ti獨顯4g效能
★超屌效能 搭載2020新世代 amd ryzen 7-4800hs 處理器
★超狂容量 pcie nvme 512g m.2 ssd
★全新升級 薄邊框螢幕 120hz  
★14吋fhd ips 大屏佔比
★100%srgb pd3.0充電技術
★薄邊框 輕薄美型 

處理器：amd ryzen 7-4800hs 2.9ghz
記憶體：8gb ddr4 on board + 8gb ddr4-3200 so-dimm(共16g)
硬碟：512gb m.2 nvme™ pcie® 3.0 ssd
獨立顯卡：nvidia geforce gtx 1650ti 4g獨顯
螢幕：14"" fhd ips 1920x1080 薄邊框螢幕
無線網路：wifi6(gig+)(11ax)2*2+ bluetooth 5.0
光碟機： 無
介面：hdmi、type c 3.2
電池：76whrs  4s1p  4-cell li-ion
重量：1.6 kg
厚度：1.79cm
作業系統：windows 10 (64bit)
保固：2年全球保固 + 首年免預付完美保固

＊溫馨提醒﹕圖片文案僅供參考，此機型無anime matrix顯示器！



本商品詳細規格

凡於活動期間：2021 01 28 00:00~03 07 23:59，買搭載geforce rtx3060 2060 gtx16系列指定顯示卡電競筆電，官網登錄送「1 000元電子福利即享券」+「rog cetra core 入耳式耳機 + rog x c.a.chou聯名滑鼠墊」(總價值$4 599)。數量有限  送完為止。活動相關內容請見官方活動網址。",36900,ASUS ROG Zephyrus G14 GA401II-0081E4800HS 灰(AMD R7-4800HS/8+8G/GTX1650Ti-4G/512G PCIe/W10/FHD),https://c.ecimg.tw/items/DHAS4NA900AWINY/000002_1601445026.jpg,Motorcycle
"Intel 660P系列 1TB M.2 2280 PCI-E 固態硬碟(SSDPEKNW010T8X1)\r\n→用line導購，再至pchome購物享回饋
→pi拍錢包+pi卡最高再回饋149p幣
享盡回饋，殺爆網路平台
=====================

■連續讀取1800mb s 連讀寫入1800mb s
■qlc nand flash 製程
■傳輸介面：pcie nvme gen 3.0 x4
■aes 256 位元加密技術
■捷元代理．五年保固


💥02 22-03 15 單筆滿$888登記抽monster能量碳酸飲乙箱 
★下單後點我登記抽好禮
💥02 23 11:00-03 30 11:00 單筆滿千登記抽ps5雙手把組
★下單後點我登記抽好禮",2999,Intel 660P系列 1TB M.2 2280 PCI-E 固態硬碟(SSDPEKNW010T8X1),https://c.ecimg.tw/items/DRAHCQ1900AYASR/000001_1614335228.jpg,Motorcycle
"春節限定★Pi錢包最高回饋12%Microsoft 微軟  Surface GO 2 STV-00010極輕544g ∥ 4G ∥ 64G eMMC SSD ∥ 10.5吋\r\n《輕薄觸控螢幕★限時狂降》  
★10.5吋極窄邊框x人臉辨識

 ▌超值組合★任君挑選 ▌ 
🚩搭配黑色鍵盤特惠組★點我購買

-------------------------------
處理器：pentium gold 4425y
記憶體：4gb ram
硬  碟：64g emmc
顯示器：10.5吋 (1920x1080)觸控螢幕
重  量：單機身544g
作業系統:windows 10 s
軟體:microsoft365 30天試用版
保固：一年有限硬體保固
-------------------------------


本商品詳細規格",12488,Microsoft 微軟 Surface GO 2 STV-00010 白金(Pentium Gold 4425Y/4G/64G/W10/10.5),https://c.ecimg.tw/items/DHAY4N1900AY33Z/000002_1606355967.jpg,Motorcycle
"ASUS E410MA-0121PN4020 玫瑰金14吋窄邊輕薄筆電★內含S模式作業系統 \r\n小資輕薄機首選!★輕1.3kg★內建microsoft 365
★虛擬數字鍵  180度螢幕轉軸設計
★可自行升級m.2 ssd 
★最高電池續航力12小時

 ▌超值特惠組合★任你挑選 ▌ 
💻加贈外接1tb硬碟★點我購買

處理器：intel® celeron n4020 雙核
記憶體：4gb ddr4 on board
容量：emmc 64gb
lcd尺寸：14""hd 霧面寬螢幕   (led)
無線網路：802.11ac + bluetooth 4.1 (dual band) 1*1
光碟機：無
其他：hdmi、usb 3.0
重量：1.3kg
其他：內含 microsoft 365 個人版一年(市價2190元)
作業系統：windows 10 home s (s模式) 
保固：二年全球保固 首年完美保固


本商品詳細規格",9900,ASUS E410MA-0121PN4020 玫瑰金 (Celeron N4020/4G/64G/Windows 10 Home S/HD/14),https://c.ecimg.tw/items/DHAFI0A900ARGHO/000002_1605264816.jpg,Motorcycle
"最新11代新機上市★Intel® Evo™認證ASUS S14 S435EA-0029E1135G7 秘境綠輕1.3kg★虛擬數字鍵盤\r\n▃▅★asus vivobook s14 s435ea。必買原因★▅▃
★最新11代新機，通過 intel® evo™ 認證
★配備thunderbolt™ 4，支援超快資料傳輸、快速充電
★四邊窄邊設計，90%螢幕佔比
★配備背光鍵盤   支援指紋辨識
★搭載虛擬數字鍵盤(numberpad)，14吋也能有數字鍵
★輕1.3kg   薄15.9mm ; 輕薄無負擔

lcd尺寸：14"" fhd 螢幕 四邊窄邊框設計
處理器：intel® core™ i5-1135g7 processor 2.4 ghz
記憶體：16gb lpddr4x on board (max 16g)
顯卡：intel® iris xe graphics內顯
硬碟：512gb m.2 nvme™ pcie® 3.0 ssd
網路：wi-fi 6(gig+)(802.11ax)+bluetooth 5.0 (dual band) 2*2
重量：1.3 kg
特色：thunderbolt™ 4、含背光kb、hdmi、numpad 2.0
作業系統： 64 bits windows 10 home
-------------------------------

本商品詳細規格

凡於活動期間：2021 01 28 00:00~03 07 23:59，買 asus vivobook 系列指定筆電，官網登錄送「1 000元電子福利即享券」。數量有限  送完為止。活動相關內容請見官方活動網址。",32900,ASUS VivoBook S14 S435EA-0029E1135G7 秘境綠(i5-1135G7/16G/512G PCIe/Win10/FHD/14),https://c.ecimg.tw/items/DHAFLUA900B4E8X/000002_1611726356.jpg,Motorcycle
"小資輕薄機首選★輕1.3kg★內建Microsoft365ASUS E406NA-0023GN3350 雲朵白★內含S模式作業系統 \r\n網路價$8990．限時下殺↘
intel celeron★輕1.3kg★含m365

處理器：intel® celeron® n3350 processor 1.1 ghz
記憶體：4gb lpddr3 on board
容量：emmc 64gb
lcd尺寸：14""hd 霧面寬螢幕 (led)
無線網路：wi-fi 5(802.11ac)+bluetooth 4.1 (dual band) 1*1
光碟機：無
其他：hdmi、usb 3.2
重量：1.3kg
其他：內含 mircosoft 365 個人版一年(市價2190元)
作業系統：windows 10 home s (s模式) 
保固：二年全球保固 首年完美保固

通用文案僅供參考 實際規格以賣場為主



本商品詳細規格",7990,ASUS E406NA-0023GN3350 雲朵白 (Celeron N3350/4G/64G/Windows 10 Home S/HD/14),https://c.ecimg.tw/items/DHAFLEA900AYDP7/000002_1603882331.jpg,Motorcycle
"ADATA威剛 XPG SX8200Pro 1TB M.2 2280 PCIe SSD固態硬碟/(五年保)\r\n★高速 pcie gen3x4 傳輸介面
★連續讀寫速度達 每秒3500 3000mb 
★最新3d tlc快閃記憶體 
★pcle gen3x4介面與最新nvme 1.3標準 
★高階ldpc除錯技術，耐用度加倍 
★slc caching技術，大幅提升運算效能  
★支援 e2e data protection 與 raid engine確保資料安全準確
★m.2主流2280規格(長度80mm)
★mtbf:200萬小時
★5年保固

💥02 22-03 15 單筆滿$888登記抽monster能量碳酸飲乙箱 
★下單後點我登記抽好禮
💥02 23 11:00-03 30 11:00 單筆滿千登記抽ps5雙手把組
★下單後點我登記抽好禮",3149,ADATA威剛 XPG SX8200Pro 1TB M.2 2280 PCIe SSD固態硬碟/(五年保),https://c.ecimg.tw/items/DRAH0VA9009RG38/000002_1605146711.jpg,Motorcycle
"★原價$8888↘狂降特賣→要買要快★PHILIPS 28型 288E2A 螢幕顯示器\r\n3840*2160 4k uhd   支援 vesa 安裝   ips面板   amd freesync   三年保

ultraclear 4k uhd 3840 x 2160 解析度
ultra wide-color 超寬廣色域技術帶來生動影像
採用 amd freesync™ 技術，即刻享受輕鬆流暢的遊戲競技
smartimage 遊戲模式
不閃爍技術降低眼睛疲勞
ips led 廣視角技術
纜線管理設計，減少線路糾結
hdmi x 2  dp x 1
內建立體聲喇叭
原廠三年保固",8490,PHILIPS 288E2A,https://c.ecimg.tw/items/DSABF7A900AXDWV/000002_1602746106.jpg,Motorcycle
"微星MSI GeForce RTX 3060 Ti 8G VENTUS 2X OC PCI-E顯示卡\r\n限量是殘酷的︱補貨中..
● nvidia® geforce rtx™ 3060 ti
● pci express® gen 4
● 8gb gddr6
● 256-bit
● displayport x 3 (v1.4a)   hdmi 2.1 x 1
● 熱導管雙風扇",15590,微星MSI GeForce RTX 3060 Ti 8G VENTUS 2X OC PCI-E顯示卡,https://c.ecimg.tw/items/DRAD1RA900B154W/000002_1607310040.jpg,Motorcycle
"★原價$10988↘狂降特賣→要買要快★PHILIPS 32型4K曲面專業螢幕 (328E1CA)\r\n4k│e< 2│1500r超曲|廣視角|adaptive-sync技術 
va 178度廣視角面板
4k 3840x2160解析度
支援displayport 1.2  hdmi 2.0 x 2
ultra wide-color 超廣色域: ntsc 99%，srgb 122%
delta e: < 2
內建立體聲喇叭
lowblue 模式可提供舒適的生產力
不閃爍技術降低眼睛疲勞
三年保固",8888,PHILIPS 328E1CA,https://c.ecimg.tw/items/DSABF71900B0Q8T/000002_1606726030.jpg,Motorcycle
"★2021年新機上市伊萊克斯15 Bar半自動義式咖啡機(E9EC1-100S)\r\n-15 bar 高壓萃取幫浦
-操作直覺且便利
-30分鐘自動安全斷電設計
-可拆式組件設計 讓清潔更輕鬆
- 附蒸氣奶泡管
- 溫杯盤設計",5490,伊萊克斯15 Bar半自動義式咖啡機(E9EC1-100S),https://c.ecimg.tw/items/DMAT05A900B3SFS/000002_1611042687.jpg,Motorcycle
"▼開學必備外宿精省▼BenQ 50型 4KUHD HDR Android 9.0 液晶顯示器E50-720\r\n《家電狂降↘》
開始：０３／０２（二）１１：００
結束：０３／０９（二）１１：００
網路價$18 900．
限時價↘＄１６９００

e50-720_4khdr
防疫宅在家，你需要一台好電視來追劇的三大理由：
•必買一 : 唯一不閃屏、低藍光護眼設計，長時間追劇不傷眼。
•必買二：google認證 android tv ，內載netflix youtube很夠力。
•必買三：蘋果 安卓雙系統鏡射 投屏操作很直覺。

► 4k hdr va 超高對比面板，解析度uhd 3840 x 2160。
► 低藍光(sgs) 不閃屏(tuv)護眼雙認證。
► 內建netflix youtube，遙控器快捷鍵一鍵追劇。
► benq獨家ucd 1000區調光演算技術提升畫面細節層次。
► android 9.0 智慧連網，內建google play store 豐富娛樂生活。
► 支援hdr 10   hlg   杜比視界(dolby vision)三種格式。
► 遙控器支援語音搜尋，用說的輕鬆找到你想看的。
► google chromecast built-in 支援蘋果 安卓 電腦投影，小屏躍升大螢幕。
► usbx 2組  hdmi 2.0 x 3組 (hdmi 1-arc)。
► dolby surround音效，12w+12w 喇叭，提供最佳追劇沉浸感。

★保固：三年
★google認證系列：65"" | 55"" | 50"" | 43"" 

※本賣場不含視訊盒",16900,BenQ 50吋4KUHD HDR Android 9.0液晶顯示器E50-720,https://c.ecimg.tw/items/DPAD0OA900ARIB4/000002_1606787143.jpg,Motorcycle
"微星 GeForce GT 1030 AERO 2G OC 顯示卡\r\n◆顯示晶片：nvidia geforce® gtx 1030
◆記憶體：2gb gddr5
◆晶片核心時脈：1518 1265 mhz (oc mode) 
◆記憶體時脈：6008 mhz
◆記憶體介面：64 bit 
◆介面規格：pci-e x16 3.0
◆輸出端子：sli-dvi   hdmi",3090,微星 GeForce GT 1030 AERO 2G OC 顯示卡,https://c.ecimg.tw/items/DRAD1RA90084ID9/000002_1579168966.jpg,Motorcycle
"★贈LED美妝鏡★Panasonic國際牌 極潤奈米水離子吹風機(夜空藍) EH-NA0E-A\r\n■ 1800%高滲透奈米水離子
■ 礦物負離子
■ 5種美髮潤肌模式
■ 內建速乾吹嘴
■ 摺疊功能方便好攜帶

-----------------------
▼同系列共有迷霧金│夜空藍可選",9900,Panasonic國際牌 極潤奈米水離子吹風機(夜空藍) EH-NA0E-A,https://c.ecimg.tw/items/DMAH02A900B17P0/000002_1607391642.jpg,Motorcycle
"超特惠★送鋼筆[CROSS] POLICE 雙品牌周年慶 限量頂級NAPPA小牛皮短夾 ▼原售13,000\r\n買短夾送名牌鋼筆▼原售13 000
a款: 十字紋8卡短夾
b款: 編織紋4卡1零錢袋短夾
c款: 鱷魚紋4卡1零錢袋短夾
d款: 十字紋4卡1零錢袋短夾
e款: 素面4卡1零錢袋短夾
f款: 氣墊紋8卡短夾
g款: 氣墊紋4卡1零錢袋短夾
h款: 素面8卡
i款: 布魯斯8卡
j款: 貝克8卡
k款: 桑德斯8卡
l款: 喬治8卡
m款: 布魯斯4卡
n款: 貝克4卡
o款: 桑德斯4卡
p款: 喬治4卡
全新專櫃展示品

《點我逛→cross所有商品》",2480,[CROSS] X POLICE 雙品牌 限量1折 頂級小牛皮男用短夾送名牌鋼筆,https://c.ecimg.tw/items/DIBMU1A900B4Q3U/000002_1614737251.jpg,Motorcycle
"★輕薄效能4K★11代i7行動辦公室MSI Summit E14 A11SCS-031TW 效能商務筆電i7-1185G7 ∥ GTX1650Ti Max-Q ∥ 16G ∥ 1TB PCIe ∥ 4K\r\n🌟全面升級三年安心保固🌟
🔌限時加送原廠變壓器(市價$2 590)🔌

《盡展菁英本色，輕薄商務首選👉msi summit》
★搭載最新第11代intel core i7 處理器
★nvidia® geforce® gtx 1650ti max-q 設計獨立顯示卡 
★14吋4k 超高畫質 100% adobe rgb 廣色域  窄邊框面板
★極致輕巧 1.29kg  纖薄美型 15.9mm
★企業等級資料安全保護
★thunderbolt 4、usb 4.0 type-c多功能連接埠
★獨家msi center軟體，優化提升全新使用者體驗
★10小時電池續航力
★hi-res高解析音樂播放

處理器：intel 第11代 i7-1185g7 processor 四核心處理器
主機板晶片組：無 
記憶體：16gb*1 lpddr4 onboard memory type
顯示晶片規格：geforce gtx1650ti max-q  gddr6 4gb
固態硬碟：1tb nvme pcie ssd
硬碟：無
光碟機：無 
作業系統：windows 10 pro
解析度:uhd
尺寸:14""
保固：3年 
電池：52 battery (whr)
變壓器：90w adapter

★此商品詳細規格★",46900,MSI微星 Summit E14 A11SCS-031TW 黑(i7-1185G7/16G/GTX1650Ti-4G/1T SSD/Win10Pro/4K/14),https://c.ecimg.tw/items/DHAK89A900B002E/000002_1605772293.jpg,Motorcycle
" 最新10代i5處理器Codex S 10SA-204TW ▼13公升輕巧體積▼▼原廠優化認證料件▼\r\n-戰鬥 codex系列-
處理器：intel i5-10400f 六核心處理器
主機板晶片組：intel h410
記憶體：8gb ddr4 (8gbx1)
顯示晶片規格：geforce gtx1650，gddr5 4g 獨顯
固態硬碟：256g m.2 pcie ssd
硬碟：1tb hdd
光碟機：無 
作業系統：windows 10 home 
保固：3年 
電池供應 : 300瓦 

《飛炫特色》
★搭載最新第10代英特爾 酷睿 i5處理器
★搭載msi geforce gtx1650顯示卡
★支援nvme pci-e gen3 ssd
★獨家audio boost耳擴輸出音質強化設計
★ddr4加速引擎(ddr4 boost)：優化 ddr4 傳輸性能
★紅色led燈光設計
★pci-e steel armor：強化裝甲設計可保護顯示卡避免彎曲",22900,MSI Codex S 10SA-204TW(i5-10400F/8GB/1T+256G SSD/GTX1650-4G/W10),https://c.ecimg.tw/items/DSAA6IA900AXG7B/000002_1602813941.jpg,Motorcycle
"Win 10 Home S↘下殺輕薄小筆電★僅1.05kgASUS E210MA-0031PN4020 玫瑰金內含Microsoft 365 個人版一年(市價2190元)\r\n《輕薄小筆電★限時狂降》 
網路價$12990．限時下殺
小資首選★輕薄1.05kg★內建microsoft 365↘免萬元帶回

處理器：intel® celeron® n4020  1.1 ghz 
lcd尺寸：11.6"" (1366 x 768)
記憶體：4gb ddr4 on board
容量：64gb emmc
無線網路：wi-fi 5(802.11ac)+bluetooth 4.1 (dual band) 1*1
其他：hdmi、usb 3.2、micro sd card reader
作業系統：windows 10 home s (s模式) 



本商品詳細規格",8900,ASUS E210MA-0031PN4020 玫瑰金(Celeron N4020/4G/64GB/W10 Home S),https://c.ecimg.tw/items/DHAFCUA900AY5QD/000002_1604210970.jpg,Motorcycle
"輕薄效能4K★11代i7行動辦公室MSI Summit E15 A11SCS-092TW 效能商務筆電i7-1185G7 ∥ GTX1650Ti Max-Q ∥ 16G ∥ 1TB PCIe ∥ 4K\r\n🌟全面升級三年安心保固🌟
🔌限時加送原廠變壓器(市價$2 590)🔌

《盡展菁英本色，輕薄商務首選👉msi summit》
★搭載最新第11代intel core i7 處理器
★4k超高畫質100% adobe rgb 色域面板，窄邊框設計
★nvidia geforce gtx 1650ti max-q 設計獨立顯示卡 
★極致輕巧1.65kg  纖薄美型16.9mm
★企業等級資料安全保護
★thunderbolt 4、usb 4.0 type-c多功能連接埠
★獨家msi center軟體，優化提升全新使用者體驗
★16小時電池續航力
★hi-res高解析音樂播放

處理器：intel 第11代 i7-1185g7 processor 四核心處理器
主機板晶片組：無 
記憶體：16gb(8g*2) ddr4-3200  2slots  max 64gb 
顯示晶片規格：geforce gtx1650ti max-q  gddr6 4gb
固態硬碟：1tb nvme pcie ssd
硬碟：無
光碟機：無 
作業系統：windows 10 pro
解析度:uhd
尺寸:15.6""
保固：3年 
電池：82 battery (whr)
變壓器：90w adapter

★此商品詳細規格★",46900,MSI微星 Summit E15 A11SCS-092TW 黑(i7-1185G7/16G/GTX1650Ti-4G/1T SSD/Win10Pro/4K/15.6),https://c.ecimg.tw/items/DHAK8RA900B1BVZ/000002_1607492082.jpg,Motorcycle
"撼訊 RX 5700 XT Red Devil OC 8GB GDDR6 256bit PCI-E 4.0 顯示卡\r\n◆顯示晶片：rx 5700 xt red devil oc 8gb gddr6
◆記憶體：8gb gddr6
◆記憶體介面：256bit
◆介面規格：pci-e 4.0
◆原廠保固：3年",12990,撼訊 RX 5700 XT Red Devil OC 8GB GDDR6 256bit PCI-E 4.0 顯示卡,https://c.ecimg.tw/items/DRAD1YA900A7YSF/000002_1566809467.jpg,Motorcycle
"開學應援團▼強勢登場Acer Nitro N50-61010代i5六核雙碟GTX獨顯桌機/電腦\r\n《給力戰備↘全面升級》
開始：０３／０２（二）１１：００
結束：０３／０９（二）１１：００
網路價$30900．限時價↘$29900


acer nitro n50-610 10代i5六核雙碟gtx獨顯桌機 電腦
處理器：intel core i5-10400f
記憶體：16g ddr4 2666mhz dimm
固態硬碟：1tb m.2 2280 pci-e ssd 
顯示卡：nvidia® geforce rtx 2060 with 6 gb of gddr6
螢幕輸出介面：hdmi
作業系統：windows 10 家用版 (64 bit)
鍵鼠組：鍵鼠組
電源：500 w single-rail 12 v pfc (eup)  auto-sensing  80plus gold
保固：原廠三年保固 到府收送(原廠於保固期內將自行或委託第三方到府收送)
>※本商品無附螢幕傳輸線材 轉接頭，請自行選購
★此商品詳細規格★

筆筆5%回饋無上限
↑活動詳情請點圖片了解",29900,Acer N50-610-SE(i5-10400F/16G/1T SSD/RTX2060/W10),https://c.ecimg.tw/items/DSAA2PA900B4AUT/000002_1612865214.jpg,Motorcycle
"▼直降2000▼BenQ 65型 4K HDR 低藍光不閃屏Android 9.0連網顯示器 E65-720\r\ne65-720_4khdr
防疫宅在家，你需要一台好電視來追劇的三大理由：
•必買一 : 唯一不閃屏、低藍光護眼設計，長時間追劇不傷眼。
•必買二：google認證 android tv ，內載netflix youtube很夠力。
•必買三：蘋果 安卓雙系統鏡射 投屏操作很直覺。

► 4k hdr va 超高對比面板，解析度uhd 3840 x 2160。
► 低藍光(sgs) 不閃屏(tuv)護眼雙認證。
► 內建netflix youtube，遙控器快捷鍵一鍵追劇。
► benq獨家ucd 1000區調光演算技術提升畫面細節層次。
► android 9.0 智慧連網，內建google play store 豐富娛樂生活。
► 支援hdr 10   hlg   杜比視界(dolby vision)三種格式。
► 遙控器支援語音搜尋，用說的輕鬆找到你想看的。
► google chromecast built-in 支援蘋果 安卓 電腦投影，小屏躍升大螢幕。
► usbx 2組  hdmi 2.0 x 3組 (hdmi 1-arc)。
► dolby surround音效，12w+12w 喇叭，提供最佳追劇沉浸感。",24900,BenQ 65吋4KUHD HDR Android 9.0液晶顯示器E65-720,https://c.ecimg.tw/items/DPAD0OA900ATYX2/000002_1608538806.jpg,Motorcycle
"BenQ 40型 HDR Android 9.0 液晶顯示器E40-520\r\ne40-520_fhd
★唯一護眼不閃屏安卓9.0語音電視★內建netflix youtube 一鍵追劇★山型腳座小空間也不怕

► 40吋黑湛屏va超高對比面板，解析度full hd 1920 x 1080
► 支援hdr 10   hlg格式，盡情享受hdr影視饗宴
► 低藍光(sgs) 不閃屏(tuv)護眼雙認證
► 內建netflix   youtube，遙控器快捷鍵一鍵追劇
► 正版android 9.0 智慧連網，內建google play store 豐富娛樂生活
► 遙控器支援語音搜尋，用說的輕鬆找到你想看的
► google chromecast built-in 支援蘋果 安卓 電腦投影，小屏躍升大螢幕  
► usb x 2組；hdmi 1.4 x 3組
► dolby surround音效，10w+10w喇叭，
► 全機3年保固及到府維修服務

本機""無視訊盒""
不能連接類比(台灣已停止發送訊號) 數位天線收看 
適合連接hdmi設備如下：
1、數位第四台->連接hdmi
2、電腦 筆電->連接hdmi
3、dvd 藍光->連接hdmi
4、網路電視盒 (小米盒子 ovo…等)->連接hdmi
5、遊戲機 (ps4 xbox wii switch)->連接hdmi
6、google chromecast(手機 平版投影)->連接hdmi

＊本商品售價不含基本安裝費
※ 若您需安裝服務請至下方加購商品區勾選
★保固：三年
★google認證系列(fhd)： 40"" |",9490,BenQ 40吋 HDR Android 9.0液晶顯示器E40-520,https://c.ecimg.tw/items/DPAD0OA900AYD6P/000002_1610940336.jpg,Motorcycle
"▲WOWMAN DAY▲GOO.N 大王NHK紙尿褲-黏貼型XL (52片x3包/箱)\r\n《吸睛21折起》 
開始：０３／０２（二）１１：００
結束：０３／１５（一）１０：５９
網路價$1399．限時價↘$１１９９

腰部棉柔舒適 溫柔貼合 不外露
空氣導流夾層，迅速排出濕氣
表層添加維他命ｅ，敏感肌寶寶也適用",1199,GOO.N 大王NHK紙尿褲-黏貼型XL (52片x3包/箱),https://c.ecimg.tw/items/DAAO0FA900AQTRZ/000002_1614650958.jpg,Motorcycle
"▼輕薄西風之神▼14吋AMD薄邊框電競【ROG Zephyrus】Zephyrus G14 GA401IU-0211E4800HS日蝕灰(無燈版)\r\n網路價$44900．限時價↘$42900
amd七奈米★gtx1660ti獨顯★快速1t ssd↘首次降兩千

▃▅★rog zephyrus g14。強勢來襲★▅▃
★全新顯卡視覺享受 gtx1660ti獨顯6g效能
★超屌效能 搭載2020新世代 amd ryzen 7-4800hs 處理器
★超狂容量 1tb m.2 nvme™ pcie® 3.0 ssd
★全新升級 薄邊框螢幕 120hz  
★14吋fhd ips 大屏佔比
★100%srgb pd3.0充電技術
★薄邊框 輕薄美型 

處理器：amd ryzen 7-4800hs 2.9ghz
記憶體：8gb ddr4 on board + 8gb ddr4-3200 so-dimm (共16g)
硬碟：1tb m.2 nvme™ pcie® 3.0 ssd
獨立顯卡：nvidia geforce gtx 1660ti 6g獨顯
螢幕：14"" fhd ips 1920x1080 薄邊框螢幕
無線網路：(802.11ax)+bluetooth 5.0 (dual band) 2*2
光碟機： 無
介面：hdmi、type c 3.2
電池：76whrs  4s1p  4-cell li-ion
重量：1.6 kg
厚度：1.79cm
作業系統：windows 10 (64bit)
保固：2年全球保固 + 首年免預付完美保固

＊溫馨提醒﹕圖片文案僅供參考，此機型無anime matrix顯示器！



本商品詳細規格

凡於活動期間：2021 01 28 00:00~03 07 23:59，買搭載geforce rtx3060 2060 gtx16系列指定顯示卡電競筆電，官網登錄送「1 000元電子福利即享券」+「rog cetra core 入耳式耳機 + rog x c.a.chou聯名滑鼠墊」(總價值$4 599)。數量有限  送完為止。活動相關內容請見官方活動網址。",41900,ASUS ROG Zephyrus G14 GA401IU-0211E4800HS日蝕灰(AMD R7-4800HS/8+8G/GTX1660Ti-6G/1T PCIe/W10/FHD),https://c.ecimg.tw/items/DHAS4NA900AWIOT/000002_1601434057.jpg,Motorcycle
"TP-Link Deco E4 Mesh無線網路wifi分享系統網狀路由器(3入)\r\n入門款 完勝傳統分享器
★全新革命性wifi解決方案
★美國高通晶片，穩定性比雜牌強
★適合99%的超大坪數、多隔間住家，透天厝。
★根據家庭面積購買不同數量deco，實現全家wifi覆蓋
★支援最完整的無縫漫遊標準802.11k v r，穩定不掉線
★homecare家庭照護功能，掌握孩子上時間和內容
★一鍵暫停上網功能，讓孩子放下手機筆電
★獨創tp-link art適應式路由技術，優化傳輸路徑
★手機app安裝一步一步提示，幾分鐘簡單完成設定
★光世代100m以下家庭適用
★deco不同型號現在都可以互相串接！
★deco系列★
ax6600 獨占鰲頭旗艦款►►
ac1200入門款►►
ac1300熱銷爆款►►
ac2200三頻經典款►►
wi-fi6 ax1800嘗鮮款►►
wi-fi6 ax3000旗艦款►►",3299,TP-Link Deco E4 Mesh無線網路wifi分享系統網狀路由器(3入),https://c.ecimg.tw/items/DRAF07A900A6AS3/000002_1607402036.jpg,Motorcycle
"★原價$14900↘狂降特賣→要買要快★BenQ PD2700Q 2K廣色專業設計繪圖螢幕\r\naqcolor cad-cam 人體工學
aqcolor benq 獨家色彩調校技術
符合100%srgb & rec.709色域廣色域
delta e ≦ 2 精準色準
動畫、暗房、cad-cam等情境模式
27吋 2k 10 bit ips面板
hdmi1.4  dp1.2  mdp1.2
支援直立翻轉
solid-work與technicolor認證""",9900,BENQ PD2700Q (不閃屏+LBL),https://c.ecimg.tw/items/DSAB9SA9007JUD0/000002_1582279036.jpg,Motorcycle
"★新機上市↘加碼送好禮★Panasonic國際牌 極潤奈米水離子吹風機EH-NA0E-A\r\n■ 1800%奈米水離子超進化
■ 雙倍礦物負離子產生，uv防護效果提升1.8倍，改善髮質
■ 5種美髮潤肌模式 
■ 新速乾吹嘴，吹乾秀髮速度提升15%
■ 髮尾集中護理模式
■ 奈米水離子深層滲透滋潤髮絲 
■ 3段式風量調整 
■ 保濕平順秀髮，抑制靜電 
■ 冷熱風交替模式
■ 附速乾吹嘴

迷霧金★點我選購",9900,Panasonic國際牌 極潤奈米水離子吹風機EH-NA0E-A,https://c.ecimg.tw/items/DMAH02A900AXWY4/000002_1606096671.jpg,Motorcycle
"Corsair 海盜船 VENGEANCE® RGB PRO DDR4 3200 16G*2 桌上型記憶體 (CMW32GX4M2E3200C16) 白色\r\n✓ 記憶體模組均為台灣製造
✓ 高時脈低延遲rgb超頻記憶體
✓ 高品質訂製pcb，提高訊號以及超頻穩定
✓ icue軟體控制動態rgb燈效(asus  msi  gigabyte軟體相容)
✓ 支援intel xmp 2.0
✓ 高質感金鋁合金磨砂散熱片
✓ 原廠終身保固
✓ 散熱片+led光條",3988,Corsair 海盜船 VENGEANCE® RGB PRO DDR4 3200 16G*2 桌上型記憶體 (CMW32GX4M2E3200C16W),https://c.ecimg.tw/items/DRAC0LA900AU6TT/000002_1603794975.jpg,Motorcycle
"★日本""VGP""史上第一個連續五年獲得金賞★ 日本 Final E3000 耳道式耳機 (無麥克風功能)✸必買耳機! 別再猶豫了✸\r\n✡銀色不鏽鋼鏡面處理外觀
✡全新研發6.4mm動圈單體
✡華麗細緻的中高頻表現
✡配備獨家e type矽膠耳塞
✡世貨公司貨 兩年保固",1500,日本 Final E3000 耳道式耳機,https://c.ecimg.tw/items/DCAY1RA9008GIRY/000002_1611826241.jpg,Motorcycle
"小資輕薄機首選!★輕1.3kg★內建Mircosoft365ASUS E410MA-0111WN4020 夢幻白14吋窄邊輕薄筆電★內含S模式作業系統 \r\n★虛擬數字鍵  180度螢幕轉軸設計
★可自行升級m.2 ssd 
★最高電池續航力12小時

 ▌超值特惠組合★任你挑選 ▌ 
💻加贈microsoft365個人版★點我購買
💻加贈外接1tb硬碟★點我購買

處理器：intel® celeron n4020 雙核
記憶體：4gb ddr4 on board
容量：emmc 64gb
lcd尺寸：14""hd 霧面寬螢幕   (led)
無線網路：802.11ac + bluetooth 4.1 (dual band) 1*1
光碟機：無
其他：hdmi、usb 3.0
重量：1.3kg
其他：內含 mircosoft 365 個人版一年(市價2190元)
作業系統：windows 10 home s (s模式) 
保固：二年全球保固 首年完美保固


本商品詳細規格",9900,ASUS E410MA-0111WN4020 夢幻白 (Celeron N4020/4G/64G/Windows 10 Home S/HD/14),https://c.ecimg.tw/items/DHAFI0A900ARGGZ/000002_1594972908.jpg,Motorcycle
"【福利品】ASUS ROG PHONE II 12G/512G(ZS660KL)\r\n#snapdragon 855 plus遊戲手機
#全球首款120hz 1ms amoled hdr delta-e",16390,【福利品】ASUS ROG PHONE II 12G/512 (ZS660KL) 電競旗艦手機,https://c.ecimg.tw/items/DGCC92A900AQ8LE/000002_1596441604.jpg,Motorcycle
"微星 GeForce GTX 1050 Ti AERO 4G OCV1 顯示卡\r\n◆顯示晶片：nvidia geforce gtx 1050 ti
◆記憶體：4gb gddr5
◆記憶體時脈：7008 mhz
◆記憶體介面：128-bit
◆介面規格：pci-e 3.0x16  
◆輸出端子：dp   hdmi   dl-dvi-d
◆體積(長x寬x高)：170 x 111 x 39 mm",4390,微星 GeForce GTX 1050 Ti AERO 4G OCV1 顯示卡,https://c.ecimg.tw/items/DRAD1RA900AILVE/000002_1597917005.jpg,Motorcycle
"Acer Aspire XC-330\r\n處理器：amd a4-9120e
記憶體：4g ddr4  2400mhz
硬碟：1t 7200轉
顯示介面：amd radeon r3整合型顯示晶片
光碟機：dvd燒錄機
其他：sd讀卡機、usb3.0 
螢幕輸出介面：d-sub(vga)．hdmi
作業系統：windows 10 家用版 (64 bit)
配件：鍵鼠組
電源供應器：3-pin 65w 外接是電源供應器
保固：原廠三年保固 到府收送(原廠於保固期內將自行或委託第三方到府收送)
●貼心小提醒：※本商品無附螢幕傳輸線與轉接頭，請自行購買。
★此商品詳細規格★


館長小叮嚀：儲值購買最划算～
↑本月儲值優惠活動，請點我

本月銀行優惠 限量需登錄
↑銀行刷卡活動詳情請點圖片了解",9900,Acer AXC-330(A4-9120E/4G/1T/W10),https://c.ecimg.tw/items/DSAA2PA900A566N/000002_1562828675.jpg,Motorcycle
"【SAKURA櫻花】16L四季溫智能恆溫熱水器 DH-1635E(天然瓦斯NG1/FE式)★北北基送安裝★\r\n＊最新款1635e 非1635a!1635c!＊
★ 能源效率第2級
★ 分段火排，自動調節火力
★ 強制排氣設計
★ 智能恆溫，不會忽冷忽熱
★ mit台灣製造
★ 全自動四季溫模式
★ abs自動阻斷裝置防空燒
★ 上網登錄免費送安檢
→桶裝瓦斯賣場
送標準安裝限北北基但不含林口、三峽、鶯歌地區(其餘地區如需安裝請洽安裝專線02-25712550)請確認再訂",12666,【SAKURA櫻花】16L四季溫智能恆溫熱水器 DH-1635E(天然瓦斯NG1/FE式),https://c.ecimg.tw/items/DPAL03A900AUKYG/000002_1611282037.jpg,Motorcycle
"Logitech羅技 Webcam C930e 視訊攝影機\r\n★高清 1080p 畫質 (30 fps)
★支援羅技 rightlight 技術和自動對焦
★4倍數字縮放 全高清
★畫面平移、傾斜和變焦選項
★即插即用usb連接",3899,Logitech羅技 Webcam C930e 視訊攝影機,https://c.ecimg.tw/items/DCAS4KA9005W78U/000002_1538729359.jpg,Motorcycle
"㊣原價$899電競筆電六風扇雙USB高效散熱墊\r\n☑高速靜音6核心風扇，6段變速
☑六段式高度調整，調節舒適高度
☑2個usb供電孔，工作方便
☑1600-2500可調速高速運轉無噪音
☑一年保固

☑其他系列筆電支架☑
■鋁合金可伸縮筆電式收納支架(有邊槽)
■鋁合金可伸縮筆電立式收納支架
■筆電鋁合金攜帶型散熱支架 (黑色)
■筆電鋁合金攜帶型散熱支架 (銀色)

 ▌加碼回饋5%p幣 ▌
↑優惠活動說明，請點我",599,電競筆電六風扇雙USB高效散熱墊,https://c.ecimg.tw/items/DCBA6KA900AQXF7/000002_1597201202.jpg,Motorcycle
"Win 10 Home S↘下殺輕薄小筆電★僅1.05kgASUS E210MA-0021WN4020 夢幻白內含Microsoft 365 個人版一年(市價2190元)\r\n《輕薄小筆電★限時狂降》 
網路價$12990．限時下殺
小資首選★輕薄1.05kg★內建microsoft 365↘免萬元帶回

處理器：intel® celeron® n4020  1.1 ghz 
lcd尺寸：11.6"" (1366 x 768)
記憶體：4gb ddr4 on board
容量：64gb emmc
無線網路：wi-fi 5(802.11ac)+bluetooth 4.1 (dual band) 1*1
其他：hdmi、usb 3.2、micro sd card reader
作業系統：windows 10 home s (s模式) 



本商品詳細規格",8900,ASUS E210MA-0021WN4020 夢幻白(Celeron N4020/4G/64GB/W10 Home S),https://c.ecimg.tw/items/DHAFCUA900AXP9T/000002_1604211379.jpg,Motorcycle
"▼電力升級24天 限時殺▼【Amazfit 華米】GTR 2e 特仕升級版 智慧手錶 - 晶石黑\r\n● 血氧飽和度檢測
● 24h心率檢測
● 環境溫度測量
● 睡眠監測
● 新一代gps雙星定位
● 90+種運動檢測模式
● 24天超長電池續航
● 智能語音助手(英文)
● 50米防水
● 繁體中文介面 原廠一年保固
★另有其他款式顏色可選
《★極致灰》
《★冰湖綠》",4295,【Amazfit 華米】GTR 2e 特仕升級版 智慧手錶 - 晶石黑,https://c.ecimg.tw/items/DYAIATA900B3JC3/000002_1614655322.jpg,Motorcycle
"經典商務小黑機 512G高效能 具指紋辨識&背光鍵盤 升級三年保固到府維修Lenovo E14 14吋i5-1135G7四核SSD效能商務筆電\r\n處理器：intel core i5-1135g7 四核心(2.40 ghz)
記憶體：16gb ddr4 3200mhz
硬碟：512g pcie ssd  
顯示卡：nv mx450 2gb獨顯
螢幕：14吋fhd(1920x1080)ips 250nits
作業系統：windows 10 home
保固：原廠三年全球保固，台灣地區到府維修
其他：具指紋辨識、背光鍵盤",27900,Lenovo ThinkPad E14 20TAS01Q00-3Y 黑(i5-1135G7/16G/MX450-2/512G PCIe/W10/FHD/14),https://c.ecimg.tw/items/DHBF48A900B3TH5/000002_1611051422.jpg,Motorcycle
"★送1500P幣+高腳杯架★Bosch 獨立式洗碗機-13人份 SMS53E12TC★原價$44000↘限時狂降\r\n| bosch 90天滿意保證活動介紹| 
 |  欲參與90天滿意保證請點此填寫活動同意書，未於購買15日內填寫則不符資格 | 

3 3-3 15 10:00★加碼狂送1500p幣
►密閉式烘乾系統，除菌率高達99.9%
►三重殘渣過濾系統
►全桶身304不鏽鋼材質
►ecosilence drive 靜音驅動馬達
►ecosilence靜音裝置
►loadsensor洗滌水量自動偵測
►aquastop自動偵測漏水系統
►dosageassist劑量輔助系統
►主機含基本安裝，超過部分將視現場進行報價(預約安裝請洽0800-368-888)
►全機上網註冊享兩年保固",38720,Bosch獨立式洗碗機SMS53E12TC,https://c.ecimg.tw/items/DMAGANA9009H7YI/000002_1606101805.jpg,Motorcycle
"ASICS 亞瑟士 JOLT 3(4E) 男女 跑鞋 (超寬楦) 1011B041-003\r\n前腳貼合度與柔軟的 ortholite 鞋墊能幫助您全天候保持舒適。
彈性網眼鞋面
疊層上的合成縫合
ortholite 鞋墊提供柔軟的踏入舒適感
超寬楦鞋款",1249,ASICS 亞瑟士 JOLT 3(4E) 男女 跑鞋 (超寬楦) 1011B041-003,https://c.ecimg.tw/items/DXBE2DA900B0U1P/000002_1614656259.jpg,Motorcycle
"▼機械青軸手感▼i-rocks K64E背光鍵盤 (中刻版)\r\n機械pom導套與薄膜模組，優異打感
按鍵均具備金屬彈簧，以強化按鍵反饋
英文與字符部分採用二次射出技術成形的透光鍵帽，經久耐用不掉字
支援背光效果與多媒體熱鍵
防潑水的密封薄膜觸發結構",999,i-rocks K64E背光鍵盤(中刻版),https://c.ecimg.tw/items/DCAHGYA9009SN05/000001_1595558091.jpg,Motorcycle
"ASUS華碩 PCE-AX58BT AX3000雙頻PCI-E 160MHz Wi-Fi6介面卡(網路卡)\r\nax網卡首發 自製pce版 兩支外接大天線
•次世代 wi-fi 標準 — wifi 6 (802.11ax) 標準提供更高的效率和傳輸量。
•超快 wi-fi 速度 — 3000 mbps wifi 速度可輕鬆處理最繁忙的網路。
802.11ax 技術 — wifi 6 透過 ofdma 和 mu-mimo，實現更有效率、•更穩定且更快速的傳輸，即使多個裝置同時傳輸資料也不成問題。
•bluetooth 5.0 提供更快、更大的覆蓋範圍 — 資料傳輸速度是過去的兩倍，範圍擴大至 4 倍。
•外部天線減少死角 — 獨立式收發器和連接線實現輕鬆定位，取得最佳收訊。
•超大散熱鰭片—可確保長時間持續穩定傳輸不過熱

★wifi6全系列★
ax1800 rt-ax56u賣場►►
ax3000 rt-ax3000賣場►►
ax6000 rt-ax88u賣場►►
ax6100 rt-ax92u賣場►►
ax11000 gt-ax11000賣場►►
ax3000網卡 pce-ax58bt賣場►►",1990,ASUS華碩 PCE-AX58BT AX3000雙頻PCI-E 160MHz Wi-Fi6介面卡(網路卡),https://c.ecimg.tw/items/DRAF01A900AACCZ/000002_1570188409.jpg,Motorcycle
"羅技 Pro X 專業級電競耳機麥克風\r\n● blue vo!ce 先進麥克風技術
● dts headphone：x 2.0 7.1聲道環繞音效
● 先進的 pro-g 50mm 單體
● 優質耳墊與製造工藝",3990,羅技 Pro X 專業級電競耳機麥克風,https://c.ecimg.tw/items/DCAYF8A900A63A6/000002_1587270616.jpg,Motorcycle
"11代i7處理器▼EVO認證ACER SF514-55TA-718E 綠 14吋輕薄窄邊筆電11代i7 ∥ 512G PCIe SSD ∥ 可觸控\r\n處理器：intel® core™ i7-1165g7
記憶體：16gb lpddr4x(onboaed)
硬碟：512gb pcie nvme ssd
螢幕：14"" fhd 鏡面 led背光 ips 觸控
無線網路：802.11a b g n acr2+ax 2x2 mu-mimo
其他：type-c、hdmi、指紋辨識
軟體：windows 10 home
重量：1.050 kg

本商品詳細規格",38900,ACER SF514-55TA-718E 綠(i7-1165G7/16G/512G PCIe/W10/FHD/14),https://c.ecimg.tw/items/DHAEGO1900B0DPL/000002_1606291266.jpg,Motorcycle
"麗臺 NVIDIA Quadro P2200 5GB GDDR5x 160bit PCI-E工作站繪圖卡\r\n◆ 記憶體：5gb gddr5x
◆ 記憶體頻寬：200gb s
◆ 輸出介面：displayport x4
◆ 原廠保固：3年",14300,麗臺 NVIDIA Quadro P2200 5GB GDDR5x 160bit PCI-E工作站繪圖卡,https://c.ecimg.tw/items/DRAD1QA900AILTS/000002_1582195181.jpg,Motorcycle
"★精選電競好禮任選Acer Nitro N50-61010代i7八核雙碟GTX獨顯桌機/電腦\r\nacer nitro n50-610 10代i7八核雙碟gtx獨顯桌機 電腦
處理器：intel core i7-10700
記憶體：16g ddr4 2666mhz dimm
硬碟：1tb 3.5-inch 7200 rpm
固態硬碟：512gb m.2 2280 pci-e ssd 
顯示卡：nvidia® geforce gtx 1660 super
螢幕輸出介面：hdmi
作業系統：windows 10 家用版 (64 bit)
鍵鼠組：鍵鼠組
電源：500w
保固：原廠三年保固 到府收送(原廠於保固期內將自行或委託第三方到府收送)
>※本商品無附螢幕傳輸線材 轉接頭，請自行選購
★此商品詳細規格★


館長小叮嚀：儲值購買最划算～
↑本月儲值優惠活動，請點我

本月銀行優惠 限量需登錄
↑銀行刷卡活動詳情請點圖片了解",37900,Acer N50-610(i7-10700/16G/1T+512G SSD/GTX1660S/W10),https://c.ecimg.tw/items/DSAA2PA900AU7SH/000002_1599124924.jpg,Motorcycle
"Dell 27吋IPS 4K專業螢幕(U2720Q-3Y)\r\ndelta e ≦ 2│hdr 400│95%dci-p3│type-c 
ips 178度廣視角面板 
3840*2160 4k高解析度  
vesa displayhdr 400 專業認證
擁有dci-p3 95%色域 
99% srgb & 99%rec.709 廣色域 
delta e ≦ 2 精準色準 
10 bit 1300:1高對比度
支援hdmi、dp1.4、usb3.0*2 type-c(90w供電) 
亮度：350 cd ㎡ 
支援壁掛100x100mm 
支援樞紐旋轉 左右旋轉 高低調整 
全機三年保固 


附type-c線(c對c) usb c線(c至a) dp線",29888,Dell U2720Q-3Y,https://c.ecimg.tw/items/DSAB92A900AJUOZ/000002_1584091910.jpg,Motorcycle
"AOC 24型 IPS電競螢幕  (24G2E)\r\n1920*1080 fhd解析 平面 adaptive-sync 1ms 144hz
adaptive-sync
ips廣視角面板
144hz更新頻率及1ms極速反應時間
hdr模式",4288,AOC 24G2E,https://c.ecimg.tw/items/DSABF5A900AJ6IO/000002_1590053725.jpg,Motorcycle
"Win 10 Home S↘下殺輕薄小筆電★僅1.05kgASUS E210MA-0041BN4020 夢想藍內含Microsoft 365 個人版一年(市價2190元)\r\n《輕薄小筆電★限時狂降》 
網路價$12990．限時下殺
小資首選★輕薄1.05kg★內建microsoft 365↘免萬元帶回

處理器：intel® celeron® n4020  1.1 ghz 
lcd尺寸：11.6"" (1366 x 768)
記憶體：4gb ddr4 on board
容量：64gb emmc
無線網路：wi-fi 5(802.11ac)+bluetooth 4.1 (dual band) 1*1
其他：hdmi、usb 3.2、micro sd card reader
作業系統：windows 10 home s (s模式) 



本商品詳細規格",8900,ASUS E210MA-0041BN4020 夢想藍(Celeron N4020/4G/64GB/W10 Home S),https://c.ecimg.tw/items/DHAFCUA900AWCD3/000002_1601887744.jpg,Motorcycle
"WORX 威克士 20V 高壓鋰電清洗機 WG629E （雙電豪華版）\r\n．克服距離與重量 
．高壓模式22bar 320psi 
．五種功能噴嘴 
．高低壓兩檔可調節 
．1.5公斤 
．安全鎖鈕 
．本商品效能及使用方式同wu629

配件：2*2.0ah電池 1*2a充電器

★清洗機配件★
►11升摺疊水桶
►刷子 毛刷
►霧化噴嘴


★其他規格選擇★►wu630►wg629",4588,WORX 威克士 20V 高壓鋰電清洗機 WG629,https://c.ecimg.tw/items/DECA0AA900ADIRN/000002_1613614913.jpg,Motorcycle
"HyperX Alloy Origins 機械式電競鍵盤-輕快紅軸 (HX-KB6RDX-TW)\r\n· hyperx 機械鍵軸*
· 航太級全鋁合金結構
· 精巧便攜的設計搭配可拆式 usb type-c 電源線
· 炫麗 rgb 動態燈效
· 使用 hyperx ngenuity 軟體個人化自訂
· 可調節三段鍵盤斜度
· 可儲存 3 組設定檔至內建記憶體
· 遊戲模式，100% 防鬼鍵，以及全鍵不衝突功能

*可選擇的鍵軸顏色依國家不同。請與您所在地的經銷商確認。
**此鍵盤為繁體中文版

===alloy series===
alloy origins core rgb 薄膜式
alloy origins 青綠軸
alloy origins 輕快紅軸
alloy origins 清脆藍軸
alloy origins core 青綠軸
alloy origins core 輕快紅軸
alloy fps pro 青軸
alloy fps 青軸
alloy fps rgb 凱華極速銀軸",2990,HyperX Alloy Origins 機械式電競鍵盤-Hyper輕快紅軸(HX-KB6RDX-TW),https://c.ecimg.tw/items/DCAYP9A900A9HLL/000002_1596165075.jpg,Motorcycle
"【善存】男性綜合維他命120錠\r\n增量鋅，讓你幸福
增量b2 e，皮膚健康從頭開始
完整的綜合維生素及礦物質配方

▃▅參考 善存男性綜合 其他組合▅▃ 
→【善存】男性綜合維他命120錠)
→【善存】男性綜合維他命 (120錠x2瓶)
→【善存】男性綜合維他命120錠x4瓶

▃▅參考 善存女性綜合 其他組合▅▃ 
→【善存】女性綜合維他命120錠
→【善存】女性綜合維他命 (120錠x2瓶)
→【【善存】女性綜合維他命120錠x4瓶
觀看善存全系列",839,善存男性綜合維他命 120錠,https://c.ecimg.tw/items/DBBC1EA9007PF9Y/000002_1612765153.jpg,Motorcycle
"Razer Kraken X 北海巨妖電競耳麥(黑)\r\n✔超輕量 250 公克 
✔7.1 環繞聲道的沉浸式體驗
✔記憶泡綿軟墊與鏡架溝槽
✔40 mm 驅動單體
✔心型收音模式麥克風
✔便利的音訊控制功能",1190,Razer Kraken X 北海巨妖電競耳麥,https://c.ecimg.tw/items/DCAY0RA900A5PEZ/000002_1565245593.jpg,Motorcycle
微星MSI GeForce RTX 3070 SUPRIM 8G PCI-E顯示卡,20600,"微星MSI GeForce RTX 3070 8G SUPRIM PCI-E顯示卡\r\n不要猶豫︱升級趁現在！
核心   記憶體
▸1770 mhz (gaming & silent mode)   14 gbps
▸8gb gddr6
▸displayport x 3 (v1.4a)   hdmi 2.1 x 1

tri frozr 2s 散熱設計
▸torx fan 4.0: 設計核心在於協同合作，將葉片兩兩連結，創下前所未有的氣壓聚集量。
▸方形導熱管: 方形導熱管經過精密加工，可確保與 gpu 最大的接觸面，並讓整組散熱片進行降溫散熱。
▸氣流控制: 氣流控制將冷風精確引導到所需的位置，以實現最大程度的散熱。
▸封閉式散熱片與導熱管: 提供記憶模組獨立的散熱架構，以快速排出記憶模組所產生的熱。
▸鍍鎳銅底座: 堅固的鍍鎳銅底座可以大量吸收由 gpu 產生的熱能並傳送至導熱管將熱排出。

雙 bios
▸雙 bios 提供效能全開的遊戲模式以及低噪靜音模式，供玩家自由選擇。

dragon center
▸msi 獨家 dragon center 軟體可即時提供監控、調整並優化 msi 系列產品。

mystic light
▸mystic light 可讓您完全控制 msi 產品，同時也可與其他 rgb 設備進行 rgb 燈效連動。",Motorcycle,https://c.ecimg.tw/items/DRAD1RA900B1MBK/000002_1608012352.jpg
【ZOTAC】索泰ZOTAC GAMING GeForce RTX 3070 Twin Edge,20090,"【ZOTAC】索泰ZOTAC GAMING GeForce RTX 3070 Twin Edge(ZT-A30700E-10P)\r\nzt-a30700e-10p
為突破遊戲體驗而生的 zotac gaming geforce rtx™ 30 系列基於最新 nvidia ampere 架構打造，搭載效能增幅的 rt 光線追縱核心和 tensor 核心、嶄新串流複合處理器以及高速 gddr6 記憶體。zotac gaming geforce rtx 3070 twin edge 以更高圖像保真度，帶你走進全新的遊戲境界。

功能一覽：
- 第二代 rt 光線追縱核心
- 第三代 tensor 核心
- 亮白 led 燈效
- 改良版 icestorm 2.0 冷卻系統
- active fan control 智能風扇功能及 freeze 自動停轉功能
- 全包式金屬背板
- firestorm 系統 （ 按此 下載）
- vr ready",Motorcycle,https://c.ecimg.tw/items/DRADD7A900AYDH7/000002_1603877381.jpg
微星MSI GeForce RTX 3080 10G GAMING X TRIO PCI-E顯示卡,29000,"微星MSI GeForce RTX 3080 10G GAMING X TRIO PCI-E顯示卡\r\n核心   記憶體
• tbd mhz   tbd gbps
• 10gb gddr6x
• displayport x 3   hdmi x 1

tri frozr 2 散熱設計
• torx fan 4.0: 設計核心在於協同合作，將葉片兩兩連結，創下前所未有的氣壓聚集量。
• 芯管: 芯管經過精密加工，可確保與 gpu 最大的接觸面，並讓整組散熱片進行降溫散熱。
• 氣流控制: 氣流控制將冷風精確引導到所需的位置，以實現最大程度的散熱。

rgb mystic light
• mystic light 可讓您完全控制 msi 產品，同時也可與其他 rgb 設備進行 rgb 燈效連動。

dragon center
• msi 獨家 dragon center 軟體可即時提供監控、調整並優化 msi 系列產品。",Motorcycle,https://c.ecimg.tw/items/DRAD1RA900B1566/000001_1607310410.jpg
微星MSI GeForce RTX 3070 VENTUS 3X OC PCI-E顯示卡,19600,"微星MSI GeForce RTX 3070 VENTUS 3X OC PCI-E顯示卡\r\n限量搶搶搶
核心 記憶體
▸ boost clock   memory speed
▸ 1755 mhz   14 gbps
▸ 8gb gddr6
▸ displayport x 3 (v1.4a)   hdmi 2.1 x 1

石墨烯背板
▸ 輕巧的複合石墨烯背板可增強顯示卡的支撐力，並提供被動的導熱性能。

方形導熱管
▸ 方形導熱管經過精密加工，可確保與gpu最大的接觸面，並讓整組散熱片進行降溫散熱。

三風扇散熱設計
▸ torx fan 3.0: 屢獲殊榮的 msi torx fan 3.0 扇葉設計創造高風壓，突破散熱極限。
▸ zero frozr: 暴風來臨前，讓風扇靜止保持安靜，直到需要啟動散熱為止。
▸ thermal padding: 大量的導熱墊片能將零組件上的熱能快速傳導，以獲得更好的散熱效果。

dragon center
▸ msi 獨家 dragon center 軟體可即時提供監控、調整並優化msi系列產品。",Motorcycle,https://c.ecimg.tw/items/DRAD1RA900AYHDV/000001_1603966111.jpg
微星MSI GeForce RTX 3070 VENTUS 2X  PCI-E顯示卡,17000,"微星MSI GeForce RTX 3070 VENTUS 2X PCI-E 顯示卡\r\n核心 記憶體
▸ tbd   tbd
▸ 8gb gddr6
▸ displayport x 3   hdmi x 1

雙風扇散熱設計
▸ torx fan 3.0: 屢獲殊榮的 msi torx fan 3.0 扇葉設計創造高風壓，突破散熱極限。
▸ 方形導熱管: 方形導熱管經過精密加工，可確保與gpu最大的接觸面，並讓整組散熱片進行降溫散熱。

afterburner 超頻軟體
▸ 支援多顯卡設定
▸ oc scanner: 自動設定為最高穩定的超頻設置
▸ 螢幕顯示: 提供系統效能的即時資訊
▸ 即時錄影: 內建遊戲即時錄影

dragon center
▸ msi 獨家 dragon center 軟體可即時提供監控、調整並優化msi系列產品。",Motorcycle,https://c.ecimg.tw/items/DRAD1RA900AYHFB/000001_1603966850.jpg
CERIO智鼎【POE-G30I】PoE Series-30Watt 10/100/1000M Gigabit PoE+ Injector網路電源供應器,750,"CERIO 智鼎POE-G30I -30Watt 10/100/1000M/Multi Gigabit PoE+ Injector 網路電源供應器 ◆單埠Gigabit PoE 內建式電源  ◆30瓦 POE+供電等級支援\r\ngigabit內建式電源設計不佔插座空間

★支援poe+供電30watt
★gigabit rj45 x2埠，具poe 單埠能力 
★相容於802.3af 802.3at  poe poe+
★網路pse  poe+供電 符合 poe class3 4 
★支援電流與反向急性過載時之電流保護設計 
★支援poe過電種類偵測功能 (poe detector)
★內建式電源設計，且支援56v 網路電壓輸出
★產地:台灣


《cerio智鼎資訊品牌專區》",Motorcycle,https://c.ecimg.tw/items/DRAF5BA900AVG9G/000001_1608174033.jpg
麥多多 Mcdodo GaN 65W 氮化鎵充電器 (黑),788,"原價$1490，限時下殺！麥多多Mcdodo GaN氮化鎵65W ３孔 快充充電器 (黑) ~小到超乎想像、輕到微乎其微~\r\n★ 點我選『組合價$888 送三合一磁吸快充線 』限量！！★

★ 亦可點我選『充電器單品』限時下殺！！★

*本商品已投保國泰產物產品責任保險1000萬元*

・台灣 bsmi 檢驗認證，買的安心、用的放心!
・氮化鎵黑科技傳導更快、發熱量更低、體積更小！
・支援65w輸出，快速智能分流充電，可同時為3個設備充電！
・體積比同功率充電器更小、重量更輕、插頭可折疊設計攜帶更便利！
・雙usb-c+單usb-a皆可支援快充協議pd3.0 qc3.0 afc scp fcp!
・全電壓設計100-240v，各國旅遊皆適用!

bsmi: r35188
型號: ch-813
支援筆電 mac switch

梁爸的書坊
https:  liangdaddy.com 2021 01 10 %e9%ba%a5%e5%a4%9a%e5%a4%9amcdodo-gan%e6%b0%ae%e5%8c%96%e9%8e%b565w-%ef%bc%93%e5%ad%94%e5%85%85%e9%9b%bb%e5%99%a8-%e9%96%8b%e7%ae%b1 
探路客
https:  fishgoat2020.timelog.to a219049663",Motorcycle,https://c.ecimg.tw/items/DYAF69A900AWBG7/000002_1615257259.jpg
【COUGAR 美洲獅】PHONTUM ESSENTIAL 立體聲電競耳機(黑色),1190,"【COUGAR 美洲獅】PHONTUM ESSENTIAL 立體聲電競耳機(黑色)\r\n* 特大記憶棉耳罩
* 鋼製頭帶結構
* 降噪麥克風
* 快速調整音量大小與麥克風開 關功能",Motorcycle,https://c.ecimg.tw/items/DCANE5A900ABQ5S/000002_1574329516.jpg
GIANT Expedition E+ 休閒騎旅電動車,47310,"▼每日強檔‧瘋殺特賣▼GIANT Expedition E+ 休閒騎旅電動車\r\ngits全時無段智能系統
配備長途旅行套件
高效能鋰電池",Motorcycle,https://c.ecimg.tw/items/QCAM5OA900A28WJ/000002_1615862309.jpg
GIANT ROCKER E+,64600,"GIANT ROCKER E+ 全地形跨界電動輔助跨界車\r\n全跨界超寬胎 
城市道路、雪地沙地全對應 
酷炫跨界車 
sync drive 高效同步中置電機 
panasonic高效能鋰電池",Motorcycle,https://c.ecimg.tw/items/QCAM4IA9009IWFE/000002_1615259523.jpg
SAMSUNG 三星 860 EVO 500GB 2.5吋 SATAIII 固態硬碟,1688,"SAMSUNG 三星 860 EVO 500GB 2.5吋 SATAIII 固態硬碟 (MZ-76E500BW)\r\n讀取速度550mb s，寫入速度520mb s
介面：sata 6 gb s   相容 sata 3 gb s & sata 1.5 gb s
類型：2.5 英吋
容量：500gb
專為個人，遊戲和商業用途的主流pc和筆記型電腦設計。
ssd固態硬碟顆粒：tlc=3bit mlc
台灣三星電子公司貨，品質保證，原廠5年保固
當您下單購買前，請先詳細閱讀下列事項 
本商品為特殊商品不開放試用，一經拆封使用及通電，將酌收商品處理費(商品售價10%)
這裡還有其他容量，容量倍增！
《250gb》《1tb》《2tb》《4tb》",Motorcycle,https://c.ecimg.tw/items/DRAH31A900953OA/000002_1607313074.jpg
ADATA威剛 XPG SX8200 Pro 2TB M.2 2280 PCIe SSD固態硬碟/五年保(送散熱片),6599,"ADATA威剛 XPG SX8200 Pro 2TB M.2 2280 PCIe SSD固態硬碟/五年保(送散熱片)\r\n★高速 pcie gen3x4 傳輸介面 : 連續讀寫速度達每秒 3500 3000mb 
★最新3d tlc快閃記憶體 
★pcle gen3x4介面與最新nvme 1.3標準 
★高階ldpc除錯技術，耐用度加倍 
★slc caching技術，大幅提升運算效能  
★支援 e2e data protection 與 raid engine確保資料安全準確
★m.2主流2280規格(長度80mm)
★mtbf:200萬小時
★5年保固",Motorcycle,https://c.ecimg.tw/items/DRAH0VA900A934B/000002_1568285289.jpg
《白蘭氏》活顏馥莓飲 (50ml x 6入),340,"★結帳85折《白蘭氏》活顏馥莓飲(全新升級版) (50ml x 6入)\r\n*全台熱銷2100萬瓶的no. 1美容飲
*女人我最大、y!姊妹愛漂亮推薦
*添加抗氧化維生素e減少自由基
*添加五種天后級莓果，含莓果多酚精華
*每瓶熱量僅55卡",Motorcycle,https://c.ecimg.tw/items/DBAD0HA45020801/000002_1599619214.jpg
